{
  "updateBooking" : {
    "transaction" : "updateBooking",
    "sampleCount" : 2500,
    "errorCount" : 0,
    "errorPct" : 0.0,
    "meanResTime" : 1486.0416000000007,
    "medianResTime" : 983.0,
    "minResTime" : 258.0,
    "maxResTime" : 21949.0,
    "pct1ResTime" : 2696.0,
    "pct2ResTime" : 4036.749999999999,
    "pct3ResTime" : 11717.789999999995,
    "throughput" : 89.8569477391992,
    "receivedKBytesPerSec" : 80.13105635827762,
    "sentKBytesPerSec" : 45.6024360780138
  },
  "auth" : {
    "transaction" : "auth",
    "sampleCount" : 2500,
    "errorCount" : 0,
    "errorPct" : 0.0,
    "meanResTime" : 4218.629999999994,
    "medianResTime" : 1630.5,
    "minResTime" : 1030.0,
    "maxResTime" : 23456.0,
    "pct1ResTime" : 9251.8,
    "pct2ResTime" : 10948.55,
    "pct3ResTime" : 13918.97,
    "throughput" : 84.97043029025899,
    "receivedKBytesPerSec" : 63.88037119332472,
    "sentKBytesPerSec" : 20.412818214261435
  },
  "Total" : {
    "transaction" : "Total",
    "sampleCount" : 15000,
    "errorCount" : 0,
    "errorPct" : 0.0,
    "meanResTime" : 1719.2036666666604,
    "medianResTime" : 952.0,
    "minResTime" : 258.0,
    "maxResTime" : 23456.0,
    "pct1ResTime" : 4483.799999999992,
    "pct2ResTime" : 7785.949999999999,
    "pct3ResTime" : 11802.99,
    "throughput" : 488.26535594544447,
    "receivedKBytesPerSec" : 413.26763833167865,
    "sentKBytesPerSec" : 155.99680771093063
  },
  "deleteBooking" : {
    "transaction" : "deleteBooking",
    "sampleCount" : 2500,
    "errorCount" : 0,
    "errorPct" : 0.0,
    "meanResTime" : 1216.2620000000009,
    "medianResTime" : 885.5,
    "minResTime" : 258.0,
    "maxResTime" : 20051.0,
    "pct1ResTime" : 2214.6000000000004,
    "pct2ResTime" : 3318.1499999999933,
    "pct3ResTime" : 10585.849999999997,
    "throughput" : 93.49988780013464,
    "receivedKBytesPerSec" : 68.20057128431446,
    "sentKBytesPerSec" : 22.341396432511782
  },
  "getBooking" : {
    "transaction" : "getBooking",
    "sampleCount" : 2500,
    "errorCount" : 0,
    "errorPct" : 0.0,
    "meanResTime" : 1026.563199999998,
    "medianResTime" : 619.0,
    "minResTime" : 258.0,
    "maxResTime" : 12246.0,
    "pct1ResTime" : 1729.9,
    "pct2ResTime" : 3584.95,
    "pct3ResTime" : 11531.98,
    "throughput" : 89.59931187728479,
    "receivedKBytesPerSec" : 79.94873099374597,
    "sentKBytesPerSec" : 14.32192500761594
  },
  "partialUpdateBooking" : {
    "transaction" : "partialUpdateBooking",
    "sampleCount" : 2500,
    "errorCount" : 0,
    "errorPct" : 0.0,
    "meanResTime" : 1434.3320000000008,
    "medianResTime" : 993.0,
    "minResTime" : 259.0,
    "maxResTime" : 20778.0,
    "pct1ResTime" : 2520.4000000000033,
    "pct2ResTime" : 4223.849999999996,
    "pct3ResTime" : 11181.929999999998,
    "throughput" : 90.81002542680712,
    "receivedKBytesPerSec" : 81.03276539229931,
    "sentKBytesPerSec" : 29.147925274700327
  },
  "createBooking" : {
    "transaction" : "createBooking",
    "sampleCount" : 2500,
    "errorCount" : 0,
    "errorPct" : 0.0,
    "meanResTime" : 933.3932000000012,
    "medianResTime" : 587.5,
    "minResTime" : 259.0,
    "maxResTime" : 13421.0,
    "pct1ResTime" : 1139.8000000000002,
    "pct2ResTime" : 2492.8999999999996,
    "pct3ResTime" : 12253.809999999996,
    "throughput" : 89.58325868061777,
    "receivedKBytesPerSec" : 82.48798464542946,
    "sentKBytesPerSec" : 40.26316062054323
  }
}