{
  "updateBooking" : {
    "transaction" : "updateBooking",
    "sampleCount" : 1500,
    "errorCount" : 0,
    "errorPct" : 0.0,
    "meanResTime" : 1470.1873333333342,
    "medianResTime" : 1594.0,
    "minResTime" : 264.0,
    "maxResTime" : 2350.0,
    "pct1ResTime" : 2275.0,
    "pct2ResTime" : 2315.95,
    "pct3ResTime" : 2334.0,
    "throughput" : 112.30066631728681,
    "receivedKBytesPerSec" : 100.29736280601932,
    "sentKBytesPerSec" : 57.02768211424721
  },
  "auth" : {
    "transaction" : "auth",
    "sampleCount" : 1500,
    "errorCount" : 0,
    "errorPct" : 0.0,
    "meanResTime" : 1059.2926666666665,
    "medianResTime" : 1039.0,
    "minResTime" : 1029.0,
    "maxResTime" : 1599.0,
    "pct1ResTime" : 1052.0,
    "pct2ResTime" : 1194.95,
    "pct3ResTime" : 1566.98,
    "throughput" : 132.25180744136836,
    "receivedKBytesPerSec" : 99.55909176071239,
    "sentKBytesPerSec" : 31.77143030329748
  },
  "Total" : {
    "transaction" : "Total",
    "sampleCount" : 9000,
    "errorCount" : 0,
    "errorPct" : 0.0,
    "meanResTime" : 1147.4413333333316,
    "medianResTime" : 1041.0,
    "minResTime" : 258.0,
    "maxResTime" : 2351.0,
    "pct1ResTime" : 2062.800000000001,
    "pct2ResTime" : 2211.0,
    "pct3ResTime" : 2322.0,
    "throughput" : 530.1914580265096,
    "receivedKBytesPerSec" : 449.35992728276875,
    "sentKBytesPerSec" : 169.50202503681885
  },
  "deleteBooking" : {
    "transaction" : "deleteBooking",
    "sampleCount" : 1500,
    "errorCount" : 0,
    "errorPct" : 0.0,
    "meanResTime" : 1327.5073333333316,
    "medianResTime" : 1236.0,
    "minResTime" : 440.0,
    "maxResTime" : 2346.0,
    "pct1ResTime" : 2178.5000000000005,
    "pct2ResTime" : 2306.0,
    "pct3ResTime" : 2326.0,
    "throughput" : 106.9366222285592,
    "receivedKBytesPerSec" : 78.08294940115492,
    "sentKBytesPerSec" : 25.58542231054395
  },
  "getBooking" : {
    "transaction" : "getBooking",
    "sampleCount" : 1500,
    "errorCount" : 0,
    "errorPct" : 0.0,
    "meanResTime" : 821.1366666666669,
    "medianResTime" : 747.0,
    "minResTime" : 258.0,
    "maxResTime" : 1349.0,
    "pct1ResTime" : 1286.8000000000002,
    "pct2ResTime" : 1325.0,
    "pct3ResTime" : 1337.99,
    "throughput" : 124.9375312343828,
    "receivedKBytesPerSec" : 111.71375575233216,
    "sentKBytesPerSec" : 20.00952648675662
  },
  "partialUpdateBooking" : {
    "transaction" : "partialUpdateBooking",
    "sampleCount" : 1500,
    "errorCount" : 0,
    "errorPct" : 0.0,
    "meanResTime" : 1457.470666666667,
    "medianResTime" : 1445.5,
    "minResTime" : 474.0,
    "maxResTime" : 2351.0,
    "pct1ResTime" : 2190.9,
    "pct2ResTime" : 2302.0,
    "pct3ResTime" : 2325.99,
    "throughput" : 106.05203619909501,
    "receivedKBytesPerSec" : 94.62271988122171,
    "sentKBytesPerSec" : 34.0733592866233
  },
  "createBooking" : {
    "transaction" : "createBooking",
    "sampleCount" : 1500,
    "errorCount" : 0,
    "errorPct" : 0.0,
    "meanResTime" : 749.0533333333321,
    "medianResTime" : 727.5,
    "minResTime" : 258.0,
    "maxResTime" : 1271.0,
    "pct1ResTime" : 1217.0,
    "pct2ResTime" : 1246.0,
    "pct3ResTime" : 1263.0,
    "throughput" : 136.52498407208518,
    "receivedKBytesPerSec" : 125.98207327409666,
    "sentKBytesPerSec" : 61.36086966414854
  }
}