{
  "updateBooking" : {
    "transaction" : "updateBooking",
    "sampleCount" : 1000,
    "errorCount" : 0,
    "errorPct" : 0.0,
    "meanResTime" : 278.22500000000014,
    "medianResTime" : 274.0,
    "minResTime" : 270.0,
    "maxResTime" : 494.0,
    "pct1ResTime" : 287.0,
    "pct2ResTime" : 293.0,
    "pct3ResTime" : 318.0,
    "throughput" : 104.28616122640526,
    "receivedKBytesPerSec" : 92.92915384815934,
    "sentKBytesPerSec" : 52.95781624778392
  },
  "auth" : {
    "transaction" : "auth",
    "sampleCount" : 1000,
    "errorCount" : 0,
    "errorPct" : 0.0,
    "meanResTime" : 1113.225000000002,
    "medianResTime" : 1089.0,
    "minResTime" : 1079.0,
    "maxResTime" : 1700.0,
    "pct1ResTime" : 1132.0,
    "pct2ResTime" : 1192.7999999999997,
    "pct3ResTime" : 1555.91,
    "throughput" : 91.84423218221896,
    "receivedKBytesPerSec" : 69.03098594783248,
    "sentKBytesPerSec" : 22.06414171565026
  },
  "Total" : {
    "transaction" : "Total",
    "sampleCount" : 6000,
    "errorCount" : 0,
    "errorPct" : 0.0,
    "meanResTime" : 416.4211666666661,
    "medianResTime" : 275.0,
    "minResTime" : 270.0,
    "maxResTime" : 1700.0,
    "pct1ResTime" : 1087.0,
    "pct2ResTime" : 1094.0,
    "pct3ResTime" : 1140.0,
    "throughput" : 488.6391399951136,
    "receivedKBytesPerSec" : 413.2251964736542,
    "sentKBytesPerSec" : 156.21771036932975
  },
  "deleteBooking" : {
    "transaction" : "deleteBooking",
    "sampleCount" : 1000,
    "errorCount" : 0,
    "errorPct" : 0.0,
    "meanResTime" : 276.4709999999998,
    "medianResTime" : 274.0,
    "minResTime" : 270.0,
    "maxResTime" : 670.0,
    "pct1ResTime" : 284.0,
    "pct2ResTime" : 286.0,
    "pct3ResTime" : 294.99,
    "throughput" : 104.06910188365075,
    "receivedKBytesPerSec" : 75.74198017483609,
    "sentKBytesPerSec" : 24.899345665521906
  },
  "getBooking" : {
    "transaction" : "getBooking",
    "sampleCount" : 1000,
    "errorCount" : 0,
    "errorPct" : 0.0,
    "meanResTime" : 276.98099999999994,
    "medianResTime" : 273.0,
    "minResTime" : 270.0,
    "maxResTime" : 316.0,
    "pct1ResTime" : 285.0,
    "pct2ResTime" : 295.0,
    "pct3ResTime" : 310.99,
    "throughput" : 104.38413361169103,
    "receivedKBytesPerSec" : 93.08373564718163,
    "sentKBytesPerSec" : 16.71777139874739
  },
  "partialUpdateBooking" : {
    "transaction" : "partialUpdateBooking",
    "sampleCount" : 1000,
    "errorCount" : 0,
    "errorPct" : 0.0,
    "meanResTime" : 276.6940000000004,
    "medianResTime" : 274.0,
    "minResTime" : 270.0,
    "maxResTime" : 305.0,
    "pct1ResTime" : 285.0,
    "pct2ResTime" : 287.0,
    "pct3ResTime" : 301.99,
    "throughput" : 104.16666666666667,
    "receivedKBytesPerSec" : 92.811279296875,
    "sentKBytesPerSec" : 33.467610677083336
  },
  "createBooking" : {
    "transaction" : "createBooking",
    "sampleCount" : 1000,
    "errorCount" : 0,
    "errorPct" : 0.0,
    "meanResTime" : 276.9310000000001,
    "medianResTime" : 273.0,
    "minResTime" : 270.0,
    "maxResTime" : 320.0,
    "pct1ResTime" : 285.0,
    "pct2ResTime" : 295.0,
    "pct3ResTime" : 312.0,
    "throughput" : 104.36234606553955,
    "receivedKBytesPerSec" : 96.09163013984553,
    "sentKBytesPerSec" : 46.90537107336672
  }
}