{
  "updateBooking" : {
    "transaction" : "updateBooking",
    "sampleCount" : 500,
    "errorCount" : 0,
    "errorPct" : 0.0,
    "meanResTime" : 232.42,
    "medianResTime" : 231.0,
    "minResTime" : 228.0,
    "maxResTime" : 256.0,
    "pct1ResTime" : 234.0,
    "pct2ResTime" : 244.0,
    "pct3ResTime" : 254.99,
    "throughput" : 51.76519308417021,
    "receivedKBytesPerSec" : 46.32499482348069,
    "sentKBytesPerSec" : 26.28701211305518
  },
  "auth" : {
    "transaction" : "auth",
    "sampleCount" : 500,
    "errorCount" : 0,
    "errorPct" : 0.0,
    "meanResTime" : 926.5280000000005,
    "medianResTime" : 916.0,
    "minResTime" : 911.0,
    "maxResTime" : 1252.0,
    "pct1ResTime" : 922.0,
    "pct2ResTime" : 927.8499999999999,
    "pct3ResTime" : 1247.0,
    "throughput" : 46.707146193367585,
    "receivedKBytesPerSec" : 35.22010742643624,
    "sentKBytesPerSec" : 11.22066207379729
  },
  "Total" : {
    "transaction" : "Total",
    "sampleCount" : 3000,
    "errorCount" : 0,
    "errorPct" : 0.0,
    "meanResTime" : 347.257666666667,
    "medianResTime" : 231.0,
    "minResTime" : 227.0,
    "maxResTime" : 1252.0,
    "pct1ResTime" : 915.0,
    "pct2ResTime" : 920.0,
    "pct3ResTime" : 924.0,
    "throughput" : 252.80188758742733,
    "receivedKBytesPerSec" : 214.67570916196172,
    "sentKBytesPerSec" : 80.82097742163141
  },
  "deleteBooking" : {
    "transaction" : "deleteBooking",
    "sampleCount" : 500,
    "errorCount" : 0,
    "errorPct" : 0.0,
    "meanResTime" : 230.93999999999997,
    "medianResTime" : 231.0,
    "minResTime" : 228.0,
    "maxResTime" : 249.0,
    "pct1ResTime" : 233.0,
    "pct2ResTime" : 234.0,
    "pct3ResTime" : 237.99,
    "throughput" : 51.7491202649555,
    "receivedKBytesPerSec" : 37.88035603394742,
    "sentKBytesPerSec" : 12.381381313392671
  },
  "getBooking" : {
    "transaction" : "getBooking",
    "sampleCount" : 500,
    "errorCount" : 0,
    "errorPct" : 0.0,
    "meanResTime" : 231.18600000000006,
    "medianResTime" : 230.0,
    "minResTime" : 227.0,
    "maxResTime" : 257.0,
    "pct1ResTime" : 233.0,
    "pct2ResTime" : 238.0,
    "pct3ResTime" : 250.96000000000004,
    "throughput" : 51.78127589063795,
    "receivedKBytesPerSec" : 46.365986012582844,
    "sentKBytesPerSec" : 8.293094966859982
  },
  "partialUpdateBooking" : {
    "transaction" : "partialUpdateBooking",
    "sampleCount" : 500,
    "errorCount" : 0,
    "errorPct" : 0.0,
    "meanResTime" : 231.78399999999996,
    "medianResTime" : 231.0,
    "minResTime" : 228.0,
    "maxResTime" : 255.0,
    "pct1ResTime" : 234.0,
    "pct2ResTime" : 236.0,
    "pct3ResTime" : 250.0,
    "throughput" : 51.75447676223993,
    "receivedKBytesPerSec" : 46.319448038505335,
    "sentKBytesPerSec" : 16.628147319118103
  },
  "createBooking" : {
    "transaction" : "createBooking",
    "sampleCount" : 500,
    "errorCount" : 0,
    "errorPct" : 0.0,
    "meanResTime" : 230.6879999999999,
    "medianResTime" : 230.0,
    "minResTime" : 228.0,
    "maxResTime" : 253.0,
    "pct1ResTime" : 233.0,
    "pct2ResTime" : 238.0,
    "pct3ResTime" : 241.0,
    "throughput" : 51.78663904712584,
    "receivedKBytesPerSec" : 47.837402090885554,
    "sentKBytesPerSec" : 23.275767898757124
  }
}