{
  "updateBooking" : {
    "transaction" : "updateBooking",
    "sampleCount" : 6188,
    "errorCount" : 0,
    "errorPct" : 0.0,
    "meanResTime" : 2396.893341952165,
    "medianResTime" : 2479.5,
    "minResTime" : 313.0,
    "maxResTime" : 2955.0,
    "pct1ResTime" : 2718.0,
    "pct2ResTime" : 2813.0,
    "pct3ResTime" : 2923.1099999999997,
    "throughput" : 93.13386111194725,
    "receivedKBytesPerSec" : 83.23078069970802,
    "sentKBytesPerSec" : 47.38548988215286
  },
  "auth" : {
    "transaction" : "auth",
    "sampleCount" : 6600,
    "errorCount" : 0,
    "errorPct" : 0.0,
    "meanResTime" : 962.4533333333342,
    "medianResTime" : 937.0,
    "minResTime" : 924.0,
    "maxResTime" : 1504.0,
    "pct1ResTime" : 1045.0,
    "pct2ResTime" : 1060.0,
    "pct3ResTime" : 1160.949999999999,
    "throughput" : 93.44206591913014,
    "receivedKBytesPerSec" : 70.38754787136142,
    "sentKBytesPerSec" : 22.44799630479103
  },
  "Total" : {
    "transaction" : "Total",
    "sampleCount" : 37473,
    "errorCount" : 0,
    "errorPct" : 0.0,
    "meanResTime" : 1755.3939636538294,
    "medianResTime" : 2004.5,
    "minResTime" : 231.0,
    "maxResTime" : 2955.0,
    "pct1ResTime" : 2682.0,
    "pct2ResTime" : 2734.0,
    "pct3ResTime" : 2918.9900000000016,
    "throughput" : 530.5385660890248,
    "receivedKBytesPerSec" : 449.9441067566754,
    "sentKBytesPerSec" : 169.83153550267582
  },
  "deleteBooking" : {
    "transaction" : "deleteBooking",
    "sampleCount" : 6000,
    "errorCount" : 0,
    "errorPct" : 0.0,
    "meanResTime" : 2363.53416666667,
    "medianResTime" : 2419.5,
    "minResTime" : 665.0,
    "maxResTime" : 2947.0,
    "pct1ResTime" : 2676.0,
    "pct2ResTime" : 2720.0,
    "pct3ResTime" : 2913.0,
    "throughput" : 90.01305189252442,
    "receivedKBytesPerSec" : 65.804873737942,
    "sentKBytesPerSec" : 21.624229263243173
  },
  "getBooking" : {
    "transaction" : "getBooking",
    "sampleCount" : 6294,
    "errorCount" : 0,
    "errorPct" : 0.0,
    "meanResTime" : 1261.6112170320891,
    "medianResTime" : 1304.0,
    "minResTime" : 234.0,
    "maxResTime" : 1670.0,
    "pct1ResTime" : 1452.0,
    "pct2ResTime" : 1490.0,
    "pct3ResTime" : 1606.0,
    "throughput" : 95.13732484846653,
    "receivedKBytesPerSec" : 85.09545711338181,
    "sentKBytesPerSec" : 15.329744726559548
  },
  "partialUpdateBooking" : {
    "transaction" : "partialUpdateBooking",
    "sampleCount" : 6000,
    "errorCount" : 0,
    "errorPct" : 0.0,
    "meanResTime" : 2442.789166666662,
    "medianResTime" : 2535.0,
    "minResTime" : 643.0,
    "maxResTime" : 2951.0,
    "pct1ResTime" : 2687.0,
    "pct2ResTime" : 2735.0,
    "pct3ResTime" : 2917.0,
    "throughput" : 89.97660608241857,
    "receivedKBytesPerSec" : 80.38741958340832,
    "sentKBytesPerSec" : 28.996367194529423
  },
  "createBooking" : {
    "transaction" : "createBooking",
    "sampleCount" : 6391,
    "errorCount" : 0,
    "errorPct" : 0.0,
    "meanResTime" : 1223.1558441558475,
    "medianResTime" : 1289.0,
    "minResTime" : 231.0,
    "maxResTime" : 1672.0,
    "pct1ResTime" : 1437.0,
    "pct2ResTime" : 1472.0,
    "pct3ResTime" : 1600.0,
    "throughput" : 95.78262694083088,
    "receivedKBytesPerSec" : 88.45766176244679,
    "sentKBytesPerSec" : 43.049539895689705
  }
}