{
  "updateBooking" : {
    "transaction" : "updateBooking",
    "sampleCount" : 924826,
    "errorCount" : 123332,
    "errorPct" : 13.335698,
    "meanResTime" : 5748.033799871518,
    "medianResTime" : 6136.0,
    "minResTime" : 0.0,
    "maxResTime" : 102143.0,
    "pct1ResTime" : 7335.0,
    "pct2ResTime" : 7551.0,
    "pct3ResTime" : 7855.990000000002,
    "throughput" : 85.61758510577334,
    "receivedKBytesPerSec" : 88.27069910083117,
    "sentKBytesPerSec" : 38.775430943172736
  },
  "auth" : {
    "transaction" : "auth",
    "sampleCount" : 925643,
    "errorCount" : 103057,
    "errorPct" : 11.133558,
    "meanResTime" : 545.2146605116936,
    "medianResTime" : 234.0,
    "minResTime" : 0.0,
    "maxResTime" : 198745.0,
    "pct1ResTime" : 702.0,
    "pct2ResTime" : 718.9500000000007,
    "pct3ResTime" : 2337.7900000000336,
    "throughput" : 85.7011465051185,
    "receivedKBytesPerSec" : 77.47410881495593,
    "sentKBytesPerSec" : 18.338604630130533
  },
  "Total" : {
    "transaction" : "Total",
    "sampleCount" : 5548427,
    "errorCount" : 712142,
    "errorPct" : 12.835025,
    "meanResTime" : 3928.4046393693766,
    "medianResTime" : 5744.0,
    "minResTime" : 0.0,
    "maxResTime" : 198745.0,
    "pct1ResTime" : 7564.0,
    "pct2ResTime" : 7679.0,
    "pct3ResTime" : 8012.990000000002,
    "throughput" : 513.5440997509484,
    "receivedKBytesPerSec" : 513.5515060947894,
    "sentKBytesPerSec" : 146.4491660331739
  },
  "deleteBooking" : {
    "transaction" : "deleteBooking",
    "sampleCount" : 923225,
    "errorCount" : 141574,
    "errorPct" : 15.334723,
    "meanResTime" : 5644.981005713465,
    "medianResTime" : 6244.0,
    "minResTime" : 0.0,
    "maxResTime" : 117483.0,
    "pct1ResTime" : 7444.0,
    "pct2ResTime" : 7686.950000000001,
    "pct3ResTime" : 8170.0,
    "throughput" : 85.4811447978234,
    "receivedKBytesPerSec" : 75.97474759680487,
    "sentKBytesPerSec" : 18.262199827742613
  },
  "getBooking" : {
    "transaction" : "getBooking",
    "sampleCount" : 925160,
    "errorCount" : 105985,
    "errorPct" : 11.455856,
    "meanResTime" : 2887.6916327986937,
    "medianResTime" : 3215.0,
    "minResTime" : 0.0,
    "maxResTime" : 96275.0,
    "pct1ResTime" : 3933.9000000000015,
    "pct2ResTime" : 4129.0,
    "pct3ResTime" : 6681.620000000061,
    "throughput" : 85.65107491099153,
    "receivedKBytesPerSec" : 93.46394170397669,
    "sentKBytesPerSec" : 12.273948096087173
  },
  "partialUpdateBooking" : {
    "transaction" : "partialUpdateBooking",
    "sampleCount" : 924107,
    "errorCount" : 133365,
    "errorPct" : 14.43177,
    "meanResTime" : 5991.420781359648,
    "medianResTime" : 6203.0,
    "minResTime" : 0.0,
    "maxResTime" : 108861.0,
    "pct1ResTime" : 7385.9000000000015,
    "pct2ResTime" : 7603.0,
    "pct3ResTime" : 8623.990000000002,
    "throughput" : 85.5565587433308,
    "receivedKBytesPerSec" : 88.04848961060674,
    "sentKBytesPerSec" : 24.532435325857058
  },
  "createBooking" : {
    "transaction" : "createBooking",
    "sampleCount" : 925466,
    "errorCount" : 104829,
    "errorPct" : 11.327158,
    "meanResTime" : 2761.833349901503,
    "medianResTime" : 3202.0,
    "minResTime" : 0.0,
    "maxResTime" : 131232.0,
    "pct1ResTime" : 3861.0,
    "pct2ResTime" : 4032.0,
    "pct3ResTime" : 4223.0,
    "throughput" : 85.6816888402606,
    "receivedKBytesPerSec" : 90.46321612977009,
    "sentKBytesPerSec" : 34.30672259009314
  }
}