{
  "updateBooking" : {
    "transaction" : "updateBooking",
    "sampleCount" : 2000,
    "errorCount" : 0,
    "errorPct" : 0.0,
    "meanResTime" : 5708.880000000004,
    "medianResTime" : 6101.0,
    "minResTime" : 745.0,
    "maxResTime" : 8676.0,
    "pct1ResTime" : 8247.8,
    "pct2ResTime" : 8273.0,
    "pct3ResTime" : 8314.98,
    "throughput" : 84.93650995880579,
    "receivedKBytesPerSec" : 76.17975485199813,
    "sentKBytesPerSec" : 43.13182146345606
  },
  "auth" : {
    "transaction" : "auth",
    "sampleCount" : 2000,
    "errorCount" : 0,
    "errorPct" : 0.0,
    "meanResTime" : 1127.5365000000008,
    "medianResTime" : 1093.0,
    "minResTime" : 1080.0,
    "maxResTime" : 1718.0,
    "pct1ResTime" : 1144.0,
    "pct2ResTime" : 1344.749999999999,
    "pct3ResTime" : 1669.99,
    "throughput" : 183.16695668101474,
    "receivedKBytesPerSec" : 138.22594216503342,
    "sentKBytesPerSec" : 44.00299935891565
  },
  "Total" : {
    "transaction" : "Total",
    "sampleCount" : 12000,
    "errorCount" : 0,
    "errorPct" : 0.0,
    "meanResTime" : 3744.012666666656,
    "medianResTime" : 2860.0,
    "minResTime" : 271.0,
    "maxResTime" : 8676.0,
    "pct1ResTime" : 7856.0,
    "pct2ResTime" : 8126.949999999999,
    "pct3ResTime" : 8282.0,
    "throughput" : 354.588972282962,
    "receivedKBytesPerSec" : 301.45441500206846,
    "sentKBytesPerSec" : 113.36175970317949
  },
  "deleteBooking" : {
    "transaction" : "deleteBooking",
    "sampleCount" : 2000,
    "errorCount" : 0,
    "errorPct" : 0.0,
    "meanResTime" : 5254.264999999998,
    "medianResTime" : 5026.0,
    "minResTime" : 2414.0,
    "maxResTime" : 8339.0,
    "pct1ResTime" : 7883.9,
    "pct2ResTime" : 8125.849999999999,
    "pct3ResTime" : 8287.98,
    "throughput" : 68.81602036954203,
    "receivedKBytesPerSec" : 50.41472404775832,
    "sentKBytesPerSec" : 16.46477049857207
  },
  "getBooking" : {
    "transaction" : "getBooking",
    "sampleCount" : 2000,
    "errorCount" : 0,
    "errorPct" : 0.0,
    "meanResTime" : 2234.647,
    "medianResTime" : 2546.0,
    "minResTime" : 272.0,
    "maxResTime" : 3936.0,
    "pct1ResTime" : 3417.0,
    "pct2ResTime" : 3686.0,
    "pct3ResTime" : 3888.98,
    "throughput" : 127.35608762098829,
    "receivedKBytesPerSec" : 114.11789492326795,
    "sentKBytesPerSec" : 20.396873408048904
  },
  "partialUpdateBooking" : {
    "transaction" : "partialUpdateBooking",
    "sampleCount" : 2000,
    "errorCount" : 0,
    "errorPct" : 0.0,
    "meanResTime" : 6330.887999999995,
    "medianResTime" : 6756.5,
    "minResTime" : 1760.0,
    "maxResTime" : 8355.0,
    "pct1ResTime" : 8118.8,
    "pct2ResTime" : 8249.0,
    "pct3ResTime" : 8288.98,
    "throughput" : 70.39774727208729,
    "receivedKBytesPerSec" : 63.14347940865892,
    "sentKBytesPerSec" : 22.618026223160857
  },
  "createBooking" : {
    "transaction" : "createBooking",
    "sampleCount" : 2000,
    "errorCount" : 0,
    "errorPct" : 0.0,
    "meanResTime" : 1807.859500000003,
    "medianResTime" : 1908.0,
    "minResTime" : 271.0,
    "maxResTime" : 2919.0,
    "pct1ResTime" : 2823.0,
    "pct2ResTime" : 2861.0,
    "pct3ResTime" : 2895.0,
    "throughput" : 166.0164356271271,
    "receivedKBytesPerSec" : 153.35849303768572,
    "sentKBytesPerSec" : 74.61514666514485
  }
}