{
  "updateBooking" : {
    "transaction" : "updateBooking",
    "sampleCount" : 3500,
    "errorCount" : 378,
    "errorPct" : 10.8,
    "meanResTime" : 1631.9611428571404,
    "medianResTime" : 454.0,
    "minResTime" : 0.0,
    "maxResTime" : 59139.0,
    "pct1ResTime" : 3829.8,
    "pct2ResTime" : 6159.099999999993,
    "pct3ResTime" : 27542.379999999986,
    "throughput" : 46.78643995294621,
    "receivedKBytesPerSec" : 41.08593520245161,
    "sentKBytesPerSec" : 23.72650808987675
  },
  "auth" : {
    "transaction" : "auth",
    "sampleCount" : 3500,
    "errorCount" : 7,
    "errorPct" : 0.2,
    "meanResTime" : 25649.42342857143,
    "medianResTime" : 25826.0,
    "minResTime" : 1169.0,
    "maxResTime" : 74074.0,
    "pct1ResTime" : 47549.4,
    "pct2ResTime" : 52925.34999999999,
    "pct3ResTime" : 61265.99,
    "throughput" : 46.10662486332679,
    "receivedKBytesPerSec" : 34.800853343059636,
    "sentKBytesPerSec" : 11.066902153508714
  },
  "Total" : {
    "transaction" : "Total",
    "sampleCount" : 21000,
    "errorCount" : 1582,
    "errorPct" : 7.5333333,
    "meanResTime" : 5658.44152380955,
    "medianResTime" : 471.0,
    "minResTime" : 0.0,
    "maxResTime" : 74074.0,
    "pct1ResTime" : 24845.40000000001,
    "pct2ResTime" : 35881.90000000003,
    "pct3ResTime" : 53598.79000000004,
    "throughput" : 269.8431055086543,
    "receivedKBytesPerSec" : 227.25009546904516,
    "sentKBytesPerSec" : 86.19420481814502
  },
  "deleteBooking" : {
    "transaction" : "deleteBooking",
    "sampleCount" : 3500,
    "errorCount" : 575,
    "errorPct" : 16.428572,
    "meanResTime" : 1257.7682857142843,
    "medianResTime" : 441.0,
    "minResTime" : 268.0,
    "maxResTime" : 49806.0,
    "pct1ResTime" : 2746.3000000000006,
    "pct2ResTime" : 4209.749999999992,
    "pct3ResTime" : 17185.649999999972,
    "throughput" : 47.20098178042103,
    "receivedKBytesPerSec" : 34.53704002221818,
    "sentKBytesPerSec" : 11.284893431140512
  },
  "getBooking" : {
    "transaction" : "getBooking",
    "sampleCount" : 3500,
    "errorCount" : 135,
    "errorPct" : 3.857143,
    "meanResTime" : 1844.2645714285752,
    "medianResTime" : 458.5,
    "minResTime" : 1.0,
    "maxResTime" : 63138.0,
    "pct1ResTime" : 4125.9000000000015,
    "pct2ResTime" : 7470.95,
    "pct3ResTime" : 31058.629999999794,
    "throughput" : 46.737083873035374,
    "receivedKBytesPerSec" : 41.73643758679744,
    "sentKBytesPerSec" : 7.4772813956360915
  },
  "partialUpdateBooking" : {
    "transaction" : "partialUpdateBooking",
    "sampleCount" : 3500,
    "errorCount" : 484,
    "errorPct" : 13.828571,
    "meanResTime" : 1448.4219999999998,
    "medianResTime" : 448.0,
    "minResTime" : 24.0,
    "maxResTime" : 57103.0,
    "pct1ResTime" : 3021.2000000000016,
    "pct2ResTime" : 4926.299999999979,
    "pct3ResTime" : 24033.329999999703,
    "throughput" : 46.91940586626629,
    "receivedKBytesPerSec" : 40.94726195942142,
    "sentKBytesPerSec" : 15.061011460902728
  },
  "createBooking" : {
    "transaction" : "createBooking",
    "sampleCount" : 3500,
    "errorCount" : 3,
    "errorPct" : 0.08571429,
    "meanResTime" : 2118.8097142857123,
    "medianResTime" : 465.0,
    "minResTime" : 0.0,
    "maxResTime" : 65307.0,
    "pct1ResTime" : 4996.9000000000015,
    "pct2ResTime" : 8784.749999999993,
    "pct3ResTime" : 31503.079999999914,
    "throughput" : 46.709639535038896,
    "receivedKBytesPerSec" : 43.09278338154436,
    "sentKBytesPerSec" : 20.987720160881345
  }
}