{
  "updateBooking" : {
    "transaction" : "updateBooking",
    "sampleCount" : 3000,
    "errorCount" : 0,
    "errorPct" : 0.0,
    "meanResTime" : 1652.4606666666652,
    "medianResTime" : 475.0,
    "minResTime" : 230.0,
    "maxResTime" : 47171.0,
    "pct1ResTime" : 2994.900000000001,
    "pct2ResTime" : 7268.849999999999,
    "pct3ResTime" : 22355.429999999986,
    "throughput" : 48.44178911674471,
    "receivedKBytesPerSec" : 43.25769770305183,
    "sentKBytesPerSec" : 24.599346035846924
  },
  "auth" : {
    "transaction" : "auth",
    "sampleCount" : 3000,
    "errorCount" : 0,
    "errorPct" : 0.0,
    "meanResTime" : 13938.445000000012,
    "medianResTime" : 15291.0,
    "minResTime" : 931.0,
    "maxResTime" : 60955.0,
    "pct1ResTime" : 27789.0,
    "pct2ResTime" : 31228.199999999997,
    "pct3ResTime" : 40079.97,
    "throughput" : 47.74865110060641,
    "receivedKBytesPerSec" : 35.91736847236149,
    "sentKBytesPerSec" : 11.470867354247243
  },
  "Total" : {
    "transaction" : "Total",
    "sampleCount" : 18000,
    "errorCount" : 0,
    "errorPct" : 0.0,
    "meanResTime" : 3561.7517777777693,
    "medianResTime" : 501.5,
    "minResTime" : 228.0,
    "maxResTime" : 60955.0,
    "pct1ResTime" : 14906.999999999996,
    "pct2ResTime" : 21711.600000000006,
    "pct3ResTime" : 31512.970000000005,
    "throughput" : 279.10005737056736,
    "receivedKBytesPerSec" : 236.4586805932427,
    "sentKBytesPerSec" : 89.22837313739477
  },
  "deleteBooking" : {
    "transaction" : "deleteBooking",
    "sampleCount" : 3000,
    "errorCount" : 0,
    "errorPct" : 0.0,
    "meanResTime" : 1318.1593333333283,
    "medianResTime" : 403.0,
    "minResTime" : 229.0,
    "maxResTime" : 39367.0,
    "pct1ResTime" : 2377.0,
    "pct2ResTime" : 4922.5999999999985,
    "pct3ResTime" : 18914.97,
    "throughput" : 49.35346954890929,
    "receivedKBytesPerSec" : 36.03632261129207,
    "sentKBytesPerSec" : 11.808203163557398
  },
  "getBooking" : {
    "transaction" : "getBooking",
    "sampleCount" : 3000,
    "errorCount" : 0,
    "errorPct" : 0.0,
    "meanResTime" : 1477.2229999999977,
    "medianResTime" : 405.0,
    "minResTime" : 228.0,
    "maxResTime" : 48812.0,
    "pct1ResTime" : 2393.0,
    "pct2ResTime" : 5314.099999999993,
    "pct3ResTime" : 24522.119999999937,
    "throughput" : 48.41286491196927,
    "receivedKBytesPerSec" : 43.23943338793229,
    "sentKBytesPerSec" : 7.753622896057579
  },
  "partialUpdateBooking" : {
    "transaction" : "partialUpdateBooking",
    "sampleCount" : 3000,
    "errorCount" : 0,
    "errorPct" : 0.0,
    "meanResTime" : 1682.8773333333324,
    "medianResTime" : 455.5,
    "minResTime" : 230.0,
    "maxResTime" : 41735.0,
    "pct1ResTime" : 2931.0,
    "pct2ResTime" : 6118.2999999999865,
    "pct3ResTime" : 21988.779999999995,
    "throughput" : 48.629459726702436,
    "receivedKBytesPerSec" : 43.43630199299736,
    "sentKBytesPerSec" : 15.624113525473732
  },
  "createBooking" : {
    "transaction" : "createBooking",
    "sampleCount" : 3000,
    "errorCount" : 0,
    "errorPct" : 0.0,
    "meanResTime" : 1301.3453333333332,
    "medianResTime" : 391.5,
    "minResTime" : 228.0,
    "maxResTime" : 53184.0,
    "pct1ResTime" : 2348.0,
    "pct2ResTime" : 4534.649999999999,
    "pct3ResTime" : 16340.849999999997,
    "throughput" : 48.4003678427956,
    "receivedKBytesPerSec" : 44.60541348030912,
    "sentKBytesPerSec" : 21.7536335567817
  }
}