{
  "updateBooking" : {
    "transaction" : "updateBooking",
    "sampleCount" : 4509,
    "errorCount" : 0,
    "errorPct" : 0.0,
    "meanResTime" : 7645.079174983357,
    "medianResTime" : 8880.0,
    "minResTime" : 384.0,
    "maxResTime" : 13141.0,
    "pct1ResTime" : 10464.0,
    "pct2ResTime" : 10609.0,
    "pct3ResTime" : 10727.9,
    "throughput" : 60.55518996521669,
    "receivedKBytesPerSec" : 54.08376008078054,
    "sentKBytesPerSec" : 30.80981833191201
  },
  "auth" : {
    "transaction" : "auth",
    "sampleCount" : 4775,
    "errorCount" : 0,
    "errorPct" : 0.0,
    "meanResTime" : 3418.106596858648,
    "medianResTime" : 1060.0,
    "minResTime" : 924.0,
    "maxResTime" : 19681.0,
    "pct1ResTime" : 9270.000000000004,
    "pct2ResTime" : 11442.399999999996,
    "pct3ResTime" : 15820.879999999997,
    "throughput" : 63.63527326518917,
    "receivedKBytesPerSec" : 47.88562121853219,
    "sentKBytesPerSec" : 15.287380100816929
  },
  "Total" : {
    "transaction" : "Total",
    "sampleCount" : 26029,
    "errorCount" : 0,
    "errorPct" : 0.0,
    "meanResTime" : 5440.677167774374,
    "medianResTime" : 5969.5,
    "minResTime" : 338.0,
    "maxResTime" : 19681.0,
    "pct1ResTime" : 9741.0,
    "pct2ResTime" : 10521.95,
    "pct3ResTime" : 12579.200000000128,
    "throughput" : 338.6370732722731,
    "receivedKBytesPerSec" : 288.60396131885534,
    "sentKBytesPerSec" : 109.62002997989956
  },
  "deleteBooking" : {
    "transaction" : "deleteBooking",
    "sampleCount" : 3320,
    "errorCount" : 0,
    "errorPct" : 0.0,
    "meanResTime" : 7839.628012048197,
    "medianResTime" : 8959.5,
    "minResTime" : 374.0,
    "maxResTime" : 12580.0,
    "pct1ResTime" : 9698.0,
    "pct2ResTime" : 10320.95,
    "pct3ResTime" : 10685.79,
    "throughput" : 45.208202837767914,
    "receivedKBytesPerSec" : 33.037168683106835,
    "sentKBytesPerSec" : 10.860564353604401
  },
  "getBooking" : {
    "transaction" : "getBooking",
    "sampleCount" : 4609,
    "errorCount" : 0,
    "errorPct" : 0.0,
    "meanResTime" : 3612.58559340421,
    "medianResTime" : 4149.0,
    "minResTime" : 348.0,
    "maxResTime" : 13939.0,
    "pct1ResTime" : 5053.0,
    "pct2ResTime" : 5729.5,
    "pct3ResTime" : 5925.0,
    "throughput" : 62.604419934529545,
    "receivedKBytesPerSec" : 55.94581857588189,
    "sentKBytesPerSec" : 10.087626258981812
  },
  "partialUpdateBooking" : {
    "transaction" : "partialUpdateBooking",
    "sampleCount" : 4073,
    "errorCount" : 0,
    "errorPct" : 0.0,
    "meanResTime" : 7992.26246010313,
    "medianResTime" : 9109.0,
    "minResTime" : 389.0,
    "maxResTime" : 11654.0,
    "pct1ResTime" : 10270.2,
    "pct2ResTime" : 10492.499999999996,
    "pct3ResTime" : 10666.3,
    "throughput" : 55.043515865722476,
    "receivedKBytesPerSec" : 49.176987818598306,
    "sentKBytesPerSec" : 17.73863304266447
  },
  "createBooking" : {
    "transaction" : "createBooking",
    "sampleCount" : 4743,
    "errorCount" : 0,
    "errorPct" : 0.0,
    "meanResTime" : 3287.3303816150096,
    "medianResTime" : 3921.0,
    "minResTime" : 338.0,
    "maxResTime" : 15370.0,
    "pct1ResTime" : 4902.6,
    "pct2ResTime" : 5094.0,
    "pct3ResTime" : 5896.280000000005,
    "throughput" : 63.45829654009793,
    "receivedKBytesPerSec" : 58.58900712199968,
    "sentKBytesPerSec" : 28.521551637633458
  }
}